0.000000;0.970540;0.011059;0.942070;0.969152;0.970603;96.079178;0.447165;-0.016277;-0.238792;0.010165;0.057125;-0.239509;0.239008;-23.635109;-0.046601;-0.160075;0.999725;0.010980;0.999571;0.998569;0.999786;98.967279;0.492233;0.069677;0.000000
1.000000;0.970756;0.010666;0.942480;0.969152;0.970814;96.110537;0.323254;0.230144;-0.238762;0.009414;0.057096;-0.239509;0.238947;-23.641248;0.446617;-0.035157;0.999930;0.010558;0.999972;0.998569;0.999986;98.999621;-0.009264;0.208170;0.000000
2.000000;0.971434;0.009133;0.943768;0.971208;0.971477;96.158868;0.721526;0.476275;-0.238649;0.009445;0.057043;-0.239509;0.238836;-23.615145;0.129473;-0.010012;1.000549;0.009390;1.001186;1.000241;1.000593;99.039099;0.476902;0.288287;0.000000
3.000000;0.970848;0.009465;0.942636;0.971208;0.970895;96.113115;1.358450;-0.020116;-0.239232;0.010165;0.057335;-0.239509;0.239448;-23.682695;-0.044512;0.080213;1.000133;0.009610;1.000359;1.000176;1.000180;99.012125;0.882713;-0.107624;0.000000
4.000000;0.969748;0.010458;0.940521;0.969152;0.969804;95.998459;1.159948;-0.305367;-0.239140;0.010960;0.057308;-0.238485;0.239391;-23.662229;-0.327678;-0.137730;0.999051;0.010451;0.998213;0.999638;0.999106;98.896696;0.411239;-0.246863;0.000000
5.000000;0.968134;0.010911;0.937402;0.967095;0.968195;95.855017;0.218795;-0.223509;-0.239089;0.011069;0.057286;-0.236950;0.239345;-23.666328;0.018686;-0.649703;0.997475;0.010609;0.995070;0.996232;0.997532;98.758811;-0.108286;-0.081826;0.000000
6.000000;0.968895;0.011927;0.938899;0.969666;0.968968;95.917224;-0.425599;-0.219151;-0.238444;0.010826;0.056973;-0.236438;0.238690;-23.593143;0.346261;-0.654213;0.998033;0.011573;0.996204;0.998687;0.998100;98.798791;-0.252221;-0.333395;0.000000
7.000000;0.970602;0.011337;0.942196;0.970180;0.970668;96.087403;-0.155185;-0.175156;-0.237533;0.011401;0.056552;-0.237974;0.237807;-23.500005;0.321125;-0.362678;0.999505;0.011352;0.999140;1.000435;0.999570;98.944918;0.198403;-0.307354;0.000000
8.000000;0.970262;0.010597;0.941521;0.969666;0.970320;96.058098;0.127196;-0.155151;-0.238107;0.012939;0.056862;-0.238485;0.238458;-23.581891;0.340473;-0.377662;0.999353;0.010790;0.998823;0.999773;0.999412;98.940396;0.074940;-0.161814;0.000000
9.000000;0.970447;0.009529;0.941859;0.970180;0.970494;96.071977;0.181267;-0.408008;-0.240583;0.012286;0.058031;-0.240532;0.240897;-23.821393;0.333446;-0.106006;1.000088;0.009922;1.000275;1.000301;1.000137;99.007496;0.033295;-0.352668;0.000000
10.000000;0.971887;0.010136;0.944667;0.972237;0.971940;96.220049;-0.353409;0.063474;-0.240430;0.011837;0.057947;-0.240532;0.240721;-23.810646;-0.227469;-0.076265;1.001455;0.010224;1.003016;1.002354;1.001507;99.149274;-0.473538;-0.044622;0.000000
11.000000;0.972648;0.011459;0.946175;0.973265;0.972715;96.303340;-0.247440;-0.013823;-0.239202;0.011719;0.057355;-0.239509;0.239489;-23.679631;-0.217946;-0.016070;1.001913;0.011143;1.003953;1.001542;1.001975;99.200020;-0.383140;-0.017675;0.000000
12.000000;0.972915;0.010461;0.946673;0.974293;0.972971;96.316710;-0.083039;-0.010196;-0.238782;0.012462;0.057172;-0.239509;0.239107;-23.636129;0.372463;0.025088;1.002097;0.010644;1.004312;1.001640;1.002154;99.205124;-0.439295;0.026817;0.000000
13.000000;0.971198;0.012090;0.943372;0.973265;0.971273;96.141391;-0.228754;-0.281732;-0.236970;0.012993;0.056324;-0.236438;0.237326;-23.460597;-0.164469;-0.217969;1.000039;0.012404;1.000232;1.001596;1.000116;98.997013;-0.656631;-0.218459;0.000000
14.000000;0.970252;0.012778;0.941552;0.972751;0.970336;96.056553;-0.500250;-0.306729;-0.237922;0.014369;0.056813;-0.237462;0.238356;-23.556295;0.543427;0.059525;0.999499;0.013085;0.999170;1.001492;0.999585;98.952471;-0.673985;-0.346719;0.000000
15.000000;0.972144;0.010935;0.945183;0.973265;0.972205;96.238559;-0.372171;-0.385287;-0.236172;0.016688;0.056056;-0.236438;0.236761;-23.381780;-0.079985;0.131865;1.001091;0.011888;1.002324;1.001492;1.001161;99.104976;-0.313860;-0.420280;0.000000
16.000000;0.972730;0.010617;0.946317;0.973265;0.972788;96.301800;-0.277352;-0.314942;-0.230737;0.017400;0.053542;-0.231832;0.231392;-22.845447;-0.106977;0.276095;1.000421;0.011636;1.000978;1.000968;1.000489;99.044192;-0.520937;-0.291671;0.000000
17.000000;0.972812;0.011829;0.946504;0.973265;0.972884;96.303845;0.120810;-0.080095;-0.228516;0.015668;0.052465;-0.229785;0.229052;-22.621289;0.512115;0.420315;0.999948;0.012554;1.000054;1.001807;1.000027;98.989909;-0.149451;-0.199758;0.000000
18.000000;0.972185;0.013039;0.945314;0.973265;0.972272;96.256032;-0.097862;-0.066986;-0.224452;0.012998;0.050548;-0.226203;0.224828;-22.224153;0.027572;0.178336;0.998352;0.013628;0.996893;0.998964;0.998445;98.847189;-0.182775;-0.135170;0.000000
19.000000;0.973707;0.011979;0.948249;0.974293;0.973781;96.384583;-0.128868;-0.334768;-0.221638;0.012727;0.049285;-0.222620;0.222003;-21.932446;0.050752;-0.082426;0.999158;0.012558;0.998475;1.000036;0.999237;98.902450;-0.310025;-0.340356;0.000000
20.000000;0.975630;0.010357;0.951961;0.976350;0.975685;96.598462;-0.069346;0.026286;-0.222262;0.011677;0.049537;-0.223644;0.222569;-22.007674;0.035537;0.160507;1.001169;0.010708;1.002454;1.001059;1.001226;99.127458;-0.333395;0.022131;0.000000
21.000000;0.975640;0.010328;0.951980;0.975321;0.975695;96.584576;-0.192915;0.109138;-0.221556;0.011891;0.049228;-0.224156;0.221875;-21.936538;-0.658391;0.365548;1.000919;0.010535;1.001950;0.999944;1.000975;99.088022;-0.402282;0.117928;0.000000
22.000000;0.978026;0.010943;0.956654;0.977378;0.978087;96.832901;-0.349147;0.165029;-0.216981;0.017002;0.047370;-0.217502;0.217646;-21.487203;0.170327;0.293241;1.002339;0.011956;1.004826;1.002258;1.002410;99.240703;-0.302133;0.161149;0.000000
23.000000;0.979075;0.010753;0.958703;0.979434;0.979134;96.914137;-0.309411;0.188599;-0.214913;0.017207;0.046484;-0.215455;0.215601;-21.262538;0.152392;0.131683;1.003072;0.012092;1.006300;1.002258;1.003145;99.286932;-0.371705;0.102755;0.000000
24.000000;0.976617;0.011548;0.953914;0.977378;0.976685;96.685350;1.057742;-0.584792;-0.213582;0.017880;0.045937;-0.213920;0.214329;-21.144319;-0.268627;0.164462;1.000467;0.012974;1.001102;1.001941;1.000551;99.046370;0.735878;-0.547134;0.000000
25.000000;0.976062;0.012471;0.952852;0.978406;0.976141;96.631359;0.515479;-0.605832;-0.214718;0.016974;0.046392;-0.216991;0.215388;-21.255881;0.083403;0.337881;1.000163;0.013739;1.000515;1.001842;1.000257;99.017450;0.424482;-0.525607;0.000000
26.000000;0.977686;0.011806;0.956010;0.978406;0.977758;96.785599;0.048138;-0.337649;-0.218393;0.012577;0.047854;-0.219038;0.218755;-21.625380;0.189134;0.209600;1.002396;0.012193;1.004947;1.001886;1.002470;99.232793;0.002887;-0.316889;0.000000
27.000000;0.977738;0.010846;0.956089;0.977378;0.977798;96.785088;0.045671;-0.073655;-0.217226;0.014847;0.047408;-0.218014;0.217733;-21.510233;0.012148;0.158958;1.002182;0.011839;1.004508;1.001089;1.002252;99.206355;-0.044595;-0.087269;0.000000
28.000000;0.978087;0.010125;0.956757;0.977378;0.978140;96.830331;-0.029987;-0.094025;-0.218935;0.015564;0.048175;-0.219550;0.219488;-21.669904;0.762391;0.442150;1.002802;0.011422;1.005741;1.001661;1.002867;99.276318;-0.085356;-0.150154;0.000000
29.000000;0.978200;0.009476;0.956966;0.977892;0.978246;96.845240;0.314531;-0.238155;-0.217881;0.014375;0.047679;-0.220061;0.218355;-21.573693;1.311151;0.704814;1.002508;0.010413;1.005131;1.002884;1.002562;99.252189;0.404795;-0.410254;0.000000
30.000000;0.976638;0.009401;0.953909;0.977378;0.976683;96.688946;0.513010;-0.380902;-0.216121;0.013186;0.046882;-0.216479;0.216523;-21.409418;-0.016211;0.350319;1.000533;0.010208;1.001171;1.000401;1.000586;99.057606;0.543853;-0.544419;0.000000
31.000000;0.976021;0.011436;0.952747;0.975321;0.976088;96.624683;0.306868;-0.058240;-0.220235;0.012100;0.048650;-0.220061;0.220568;-21.797338;-0.349348;0.277908;1.000834;0.011843;1.001810;1.000467;1.000904;99.080087;-0.070978;0.013448;0.000000
32.000000;0.974077;0.012834;0.948991;0.973265;0.974162;96.447817;-0.158054;-0.025168;-0.223941;0.011958;0.050292;-0.223132;0.224260;-22.159156;-0.121528;0.030221;0.999799;0.013510;0.999781;0.999619;0.999891;98.991459;-0.282683;-0.089948;0.000000
33.000000;0.971383;0.012356;0.943738;0.971208;0.971462;96.162981;-0.256073;-0.066840;-0.230880;0.014774;0.053524;-0.232344;0.231352;-22.853631;-0.182085;-0.117142;0.998869;0.013559;0.997923;0.999173;0.998961;98.883335;-0.342296;-0.120554;0.000000
34.000000;0.970725;0.011462;0.942438;0.969666;0.970793;96.101802;-0.279884;0.070457;-0.239724;0.015004;0.057693;-0.240020;0.240193;-23.728248;0.121883;-0.080563;1.000344;0.012614;1.000847;1.000317;1.000423;99.033138;-0.596575;0.008639;0.000000
35.000000;0.970283;0.010805;0.941565;0.969152;0.970343;96.058615;-0.699877;0.166341;-0.242978;0.014531;0.059250;-0.243091;0.243413;-24.050659;0.090725;-0.101070;1.000676;0.011806;1.001492;0.999987;1.000746;99.066776;-0.545658;0.102575;0.000000
36.000000;0.968463;0.015175;0.938150;0.968638;0.968582;95.875575;1.479137;-0.264296;-0.245077;0.016465;0.060334;-0.243603;0.245629;-24.239504;0.142891;-0.301650;0.999519;0.016328;0.999304;0.999110;0.999652;98.944580;1.532909;-0.114278;0.000000
37.000000;0.966293;0.016739;0.934002;0.966581;0.966438;95.659120;1.299431;-0.176923;-0.251535;0.017694;0.063583;-0.250256;0.252157;-24.910439;-0.072172;0.043154;0.999069;0.017474;0.998444;0.998218;0.999222;98.906369;1.286218;-0.099387;0.000000
38.000000;0.967434;0.012948;0.936097;0.968123;0.967521;95.768633;2.444895;-0.153583;-0.254852;0.013765;0.065139;-0.254862;0.255223;-25.213920;0.945621;0.107030;1.000889;0.012883;1.001946;1.001185;1.000972;99.076494;1.694179;0.043933;0.000000
39.000000;0.966159;0.011302;0.933592;0.967095;0.966225;95.644728;1.748426;-0.283585;-0.255435;0.011051;0.065369;-0.254862;0.255674;-25.298873;0.759622;0.434152;0.999745;0.010968;0.999610;1.000511;0.999805;98.972799;1.412202;-0.232284;0.000000
40.000000;0.964093;0.010476;0.929584;0.964010;0.964149;95.449867;1.174613;-0.519900;-0.255937;0.009829;0.065600;-0.255885;0.256125;-25.329580;-0.814819;0.095026;0.997819;0.010168;0.995746;0.998706;0.997871;98.786662;0.840575;-0.570171;0.000000
41.000000;0.965542;0.010205;0.932376;0.965039;0.965596;95.595885;-0.527231;0.122716;-0.255425;0.010266;0.065347;-0.253838;0.255631;-25.290177;-0.429610;-0.383960;0.999075;0.010365;0.998257;0.999172;0.999128;98.916313;-0.236588;0.042914;0.000000
42.000000;0.966118;0.011186;0.933510;0.966581;0.966183;95.642162;-0.691149;-0.169213;-0.255036;0.010949;0.065163;-0.254350;0.255271;-25.246673;0.459239;-0.632427;0.999544;0.011430;0.999218;1.000055;0.999609;98.950864;-0.443674;-0.127959;0.000000
43.000000;0.965162;0.011694;0.931674;0.967095;0.965233;95.552185;0.036672;-0.555879;-0.255046;0.011561;0.065182;-0.255885;0.255308;-25.238485;-0.035360;-0.336796;0.998654;0.012006;0.997455;1.000027;0.998727;98.865237;0.358678;-0.606400;0.000000
44.000000;0.964411;0.012770;0.930252;0.967609;0.964496;95.486891;0.176232;-0.793789;-0.255619;0.012515;0.065498;-0.256909;0.255925;-25.307577;0.027360;0.075518;0.998083;0.013456;0.996351;1.000642;0.998174;98.820406;0.280990;-0.814177;0.000000
45.000000;0.964185;0.012818;0.929817;0.965553;0.964270;95.448326;0.336789;-0.454250;-0.257124;0.012743;0.066275;-0.256909;0.257439;-25.451892;0.139327;0.026579;0.998272;0.013391;0.996726;0.998445;0.998362;98.822293;0.109192;-0.350984;0.000000
46.000000;0.963969;0.010692;0.929351;0.964010;0.964028;95.429301;1.065825;-0.167053;-0.259744;0.011735;0.067605;-0.257932;0.260009;-25.710331;-0.794796;-0.046037;0.998775;0.010958;0.997672;0.997554;0.998835;98.873815;0.298407;0.090939;0.000000
47.000000;0.965069;0.011613;0.931494;0.965039;0.965139;95.539329;0.710074;-0.410360;-0.259058;0.012514;0.067268;-0.258444;0.259360;-25.649943;1.494441;0.659287;0.999696;0.011965;0.999535;1.000702;0.999768;98.968683;2.115897;-0.809732;0.000000
48.000000;0.965172;0.011590;0.931692;0.965039;0.965242;95.547038;0.604625;-0.316974;-0.258915;0.012883;0.067203;-0.258444;0.259235;-25.625380;1.426291;0.396357;0.999719;0.012195;0.999587;1.000787;0.999793;98.965476;1.896218;-0.686448;0.000000
49.000000;0.965481;0.010377;0.932261;0.966067;0.965536;95.591252;-0.384192;0.021024;-0.259468;0.011595;0.067458;-0.258956;0.259727;-25.692937;-0.388386;-0.135576;1.000094;0.011050;1.000311;1.000151;1.000156;99.019258;-0.023411;0.037477;0.000000
50.000000;0.965059;0.010721;0.931454;0.965039;0.965119;95.545501;-0.220946;0.139009;-0.258147;0.010404;0.066748;-0.257420;0.258357;-25.552199;-0.649959;0.012099;0.999361;0.011082;0.998845;0.997421;0.999422;98.939723;0.326222;0.175221;0.000000
51.000000;0.964175;0.010464;0.929743;0.962982;0.964232;95.461698;0.016652;0.329940;-0.257533;0.009113;0.066406;-0.256909;0.257694;-25.492832;-0.776964;-0.119523;0.998340;0.010528;0.996794;0.996484;0.998396;98.843181;0.201801;0.422242;0.000000
52.000000;0.964123;0.010875;0.929652;0.962982;0.964185;95.439586;-0.334454;0.107690;-0.258905;0.011289;0.067159;-0.258444;0.259151;-25.637667;0.800817;-0.186080;0.998634;0.011203;0.997395;0.996892;0.998696;98.857962;-0.414186;0.158092;0.000000
53.000000;0.963393;0.010538;0.928238;0.964010;0.963451;95.366579;-0.321214;-0.229335;-0.259621;0.012216;0.067552;-0.259980;0.259909;-25.705735;0.607629;-0.144255;0.998130;0.010941;0.996382;0.998685;0.998190;98.806909;-0.163988;-0.201479;0.000000
54.000000;0.962715;0.010287;0.926925;0.964010;0.962770;95.310542;-0.209867;-0.181424;-0.260133;0.011585;0.067803;-0.259980;0.260391;-25.760494;0.874486;-0.405595;0.997621;0.010647;0.995360;0.997893;0.997677;98.767948;0.113013;-0.146424;0.000000
55.000000;0.964185;0.010805;0.929770;0.965039;0.964246;95.461694;1.718696;0.138337;-0.259140;0.010990;0.067274;-0.257932;0.259373;-25.664278;0.899830;-0.616414;0.998779;0.010897;0.997678;0.998664;0.998838;98.888404;1.363132;0.163514;0.000000
56.000000;0.964041;0.010957;0.929495;0.965039;0.964103;95.455010;1.630067;0.097103;-0.258700;0.009673;0.067019;-0.257932;0.258881;-25.609520;0.342803;-0.332963;0.998555;0.010643;0.997226;0.999106;0.998612;98.871275;1.391601;0.046266;0.000000
57.000000;0.963362;0.009718;0.928162;0.965039;0.963411;95.373779;-0.057218;-0.401619;-0.259161;0.011123;0.067288;-0.258444;0.259399;-25.657625;0.846732;-0.431777;0.997998;0.009924;0.996099;0.998874;0.998048;98.802746;-0.357635;-0.388819;0.000000
58.000000;0.964925;0.009109;0.931164;0.965039;0.964968;95.526479;0.610622;-0.313214;-0.257543;0.011637;0.066464;-0.256909;0.257806;-25.494881;1.007443;-0.337323;0.999043;0.009752;0.998182;0.999697;0.999091;98.903607;0.261037;-0.345919;0.000000
59.000000;0.964072;0.009031;0.929516;0.964525;0.964114;95.444215;0.310547;0.053089;-0.257758;0.010801;0.066556;-0.257420;0.257985;-25.516892;0.686904;0.036329;0.998336;0.009543;0.996766;0.998811;0.998382;98.835932;0.071126;-0.058388;0.000000
60.000000;0.962972;0.010197;0.927418;0.962468;0.963026;95.339844;2.025422;0.586494;-0.258526;0.011091;0.066959;-0.258444;0.258764;-25.599286;0.119117;0.263962;0.997470;0.010308;0.995052;0.996965;0.997523;98.756449;2.070877;0.700966;0.000000
61.000000;0.964782;0.011436;0.930934;0.964010;0.964849;95.517227;0.810539;0.224215;-0.259570;0.011538;0.067510;-0.259980;0.259826;-25.694983;1.356192;-0.068169;0.999481;0.011406;0.999092;0.999541;0.999546;98.951633;0.938198;0.416854;0.000000
62.000000;0.966242;0.010228;0.933728;0.968123;0.966296;95.655530;0.018691;-0.450294;-0.259529;0.011437;0.067486;-0.258956;0.259781;-25.687821;0.888957;-0.493058;1.000900;0.010448;1.001909;1.001866;1.000954;99.085502;-0.049054;-0.332318;0.000000
63.000000;0.965779;0.009588;0.932821;0.967095;0.965826;95.606682;-0.396843;-0.312564;-0.257625;0.010297;0.066477;-0.258956;0.257831;-25.498465;-0.192995;0.003739;0.999912;0.009307;0.999910;1.000726;0.999955;98.984580;-0.339242;-0.284324;0.000000
64.000000;0.964103;0.010317;0.929601;0.961954;0.964158;95.440617;-0.535519;0.095503;-0.258362;0.009559;0.066842;-0.259980;0.258539;-25.571139;0.010168;0.478994;0.998495;0.009907;0.997091;0.997535;0.998544;98.843878;-0.504697;0.071779;0.000000
65.000000;0.962540;0.010870;0.926601;0.961954;0.962601;95.279693;-0.038288;-0.074100;-0.259928;0.011226;0.067689;-0.260491;0.260171;-25.736956;-0.374437;-0.135276;0.997404;0.011286;0.994941;0.997136;0.997467;98.732516;-0.056280;-0.097889;0.000000
66.000000;0.962674;0.011054;0.926863;0.961954;0.962737;95.314653;0.069468;0.063570;-0.260665;0.011111;0.068070;-0.259980;0.260902;-25.808090;-0.606800;-0.243298;0.997741;0.011615;0.995622;0.997445;0.997808;98.786574;0.010304;0.044135;0.000000
67.000000;0.963075;0.011581;0.927647;0.962982;0.963144;95.349615;-0.058101;0.305065;-0.259304;0.010641;0.067352;-0.257932;0.259522;-25.674516;-0.631058;-0.062454;0.997774;0.011316;0.995681;0.998026;0.997838;98.785822;-0.366274;0.288431;0.000000
68.000000;0.961779;0.010795;0.925135;0.961954;0.961839;95.222108;0.226812;0.223629;-0.258188;0.011154;0.066786;-0.257932;0.258429;-25.564485;-0.461170;-0.161842;0.996195;0.010590;0.992516;0.996220;0.996251;98.630199;-0.305817;0.241057;0.000000
69.000000;0.961337;0.009751;0.924263;0.960925;0.961386;95.165550;-0.112819;0.317736;-0.258270;0.011083;0.066826;-0.258956;0.258508;-25.581884;-0.015952;0.171470;0.995767;0.009715;0.991647;0.995224;0.995815;98.577716;-0.084393;0.315088;0.000000
70.000000;0.963414;0.010774;0.928282;0.964010;0.963474;95.373266;0.136312;0.266081;-0.257963;0.010162;0.066648;-0.257932;0.258163;-25.531728;0.135193;0.299238;0.997693;0.010233;0.995496;0.997114;0.997746;98.765520;0.490553;0.184345;0.000000
71.000000;0.964884;0.012040;0.931147;0.965039;0.964959;95.515683;1.982562;-0.119285;-0.259396;0.010682;0.067400;-0.258956;0.259616;-25.683724;0.520384;-0.191152;0.999506;0.012113;0.999160;0.999517;0.999580;98.944378;2.857140;-0.563496;0.000000
72.000000;0.965799;0.012224;0.932918;0.966067;0.965877;95.608225;2.129944;0.055848;-0.259191;0.011241;0.067307;-0.258956;0.259435;-25.668884;0.261748;-0.177344;1.000329;0.012540;1.000816;1.001388;1.000408;99.029284;3.044239;-0.294189;0.000000
73.000000;0.966129;0.010476;0.933514;0.965039;0.966185;95.641644;0.964111;0.624336;-0.258833;0.011143;0.067119;-0.257932;0.259073;-25.630502;-0.268484;-0.385560;1.000547;0.010515;1.001204;1.000403;1.000602;99.050519;1.876786;0.691456;0.000000
74.000000;0.964781;0.010786;0.930920;0.964010;0.964842;95.503854;0.402115;0.511519;-0.259877;0.011837;0.067676;-0.259980;0.260147;-25.734902;-0.293167;-0.001704;0.999532;0.010692;0.999178;0.998677;0.999589;98.946360;0.402663;0.444625;0.000000
75.000000;0.964072;0.011253;0.929561;0.965039;0.964138;95.437530;0.127693;0.164071;-0.259703;0.011986;0.067589;-0.257932;0.259980;-25.707264;-0.086770;-0.027732;0.998804;0.011310;0.997736;0.998836;0.998868;98.875497;0.148925;0.033249;0.000000
76.000000;0.963805;0.010416;0.929028;0.965039;0.963861;95.428279;-0.436734;-0.110688;-0.259335;0.011854;0.067395;-0.258956;0.259605;-25.677584;0.527469;-0.121779;0.998437;0.010918;0.996996;0.999145;0.998497;98.857460;-0.144102;-0.213747;0.000000
77.000000;0.963558;0.009538;0.928535;0.962982;0.963605;95.391261;-0.793495;-0.018636;-0.259816;0.010621;0.067617;-0.261003;0.260033;-25.721601;0.601500;0.370810;0.998364;0.009827;0.996828;0.999050;0.998413;98.836800;-0.541372;-0.155542;0.000000
78.000000;0.963866;0.011201;0.929164;0.963496;0.963931;95.420566;2.732920;-0.849965;-0.260154;0.009664;0.067773;-0.261003;0.260333;-25.754354;-0.543644;0.213814;0.998765;0.011023;0.997652;0.998630;0.998825;98.875370;2.318305;-0.873565;0.000000
79.000000;0.964967;0.011843;0.931301;0.964010;0.965039;95.524935;2.368408;-0.688691;-0.260819;0.009772;0.068122;-0.259980;0.261002;-25.806551;-0.012503;-0.317946;0.999947;0.012032;1.000038;1.000079;1.000019;98.984324;1.671606;-0.674745;0.000000
80.000000;0.964679;0.010258;0.930710;0.964010;0.964733;95.503337;0.279600;-0.039173;-0.259683;0.011206;0.067561;-0.258956;0.259924;-25.714428;0.006095;-0.201745;0.999347;0.011032;0.998817;0.999976;0.999408;98.937052;0.273047;-0.134361;0.000000
81.000000;0.964319;0.010900;0.930029;0.965039;0.964380;95.476090;-0.349084;-0.212456;-0.257073;0.012654;0.066246;-0.257420;0.257384;-25.446776;0.090542;0.109463;0.998358;0.011705;0.996856;0.999996;0.998427;98.844984;-0.206412;-0.293053;0.000000
82.000000;0.965419;0.011328;0.932162;0.966581;0.965485;95.584575;0.274067;-0.354347;-0.257247;0.011881;0.066317;-0.258444;0.257521;-25.459579;0.233062;0.269666;0.999476;0.011762;0.999092;1.001624;0.999546;98.954105;-0.069719;-0.423061;0.000000
83.000000;0.964802;0.010929;0.930962;0.964525;0.964864;95.508993;1.546088;-0.643848;-0.258843;0.010620;0.067113;-0.259980;0.259061;-25.631019;0.102033;0.271034;0.999293;0.010931;0.998706;0.999789;0.999353;98.925112;1.208922;-0.659725;0.000000
84.000000;0.963650;0.010173;0.928726;0.965039;0.963704;95.397944;0.485738;-0.566314;-0.260297;0.010436;0.067863;-0.261003;0.260506;-25.772262;0.092794;0.310150;0.998575;0.010185;0.997256;0.998373;0.998627;98.856680;0.655961;-0.577302;0.000000
85.000000;0.962026;0.010651;0.925607;0.964010;0.962085;95.234966;-0.631324;-0.402964;-0.260768;0.009582;0.068092;-0.261003;0.260944;-25.801946;-0.511314;0.039188;0.997119;0.010837;0.994363;0.997715;0.997178;98.705659;-0.556365;-0.423965;0.000000
86.000000;0.963702;0.011225;0.928847;0.965039;0.963767;95.404628;0.100870;-0.258329;-0.261146;0.009732;0.068292;-0.261003;0.261328;-25.852612;0.136893;-0.286241;0.998852;0.011526;0.997838;1.000308;0.998918;98.884592;-0.036908;-0.279664;0.000000
87.000000;0.963681;0.011087;0.928804;0.964525;0.963745;95.408224;-0.160131;-0.013724;-0.259621;0.010829;0.067520;-0.258956;0.259847;-25.703173;0.253906;-0.405024;0.998461;0.011198;0.997050;0.999847;0.998524;98.851368;-0.312784;0.008862;0.000000
88.000000;0.961614;0.011768;0.924841;0.959897;0.961686;95.203597;0.261295;-0.114035;-0.258802;0.010772;0.067095;-0.258444;0.259027;-25.619757;0.211866;-0.288364;0.996235;0.011710;0.992622;0.995384;0.996304;98.630464;0.251639;-0.045411;0.000000
89.000000;0.961244;0.011433;0.924121;0.960411;0.961312;95.167609;0.535057;-0.073542;-0.260358;0.010028;0.067887;-0.259980;0.260551;-25.790690;-0.086346;0.101433;0.996259;0.011614;0.992666;0.996629;0.996327;98.638014;0.467493;-0.012857;0.000000
90.000000;0.962067;0.010206;0.925677;0.962982;0.962121;95.244219;0.300779;-0.197826;-0.260082;0.010059;0.067744;-0.261515;0.260276;-25.744114;-0.387236;0.057861;0.996978;0.010400;0.994074;0.997721;0.997033;98.699252;0.416609;-0.199405;0.000000
91.000000;0.963352;0.010011;0.928148;0.964010;0.963404;95.376865;0.363076;-0.334322;-0.258700;0.010584;0.067038;-0.258956;0.258917;-25.606447;-0.245749;-0.180479;0.997884;0.009810;0.995869;0.998368;0.997932;98.794205;0.622353;-0.371107;0.000000
92.000000;0.964267;0.009604;0.929904;0.965553;0.964315;95.459641;-0.698048;-0.370659;-0.258762;0.010549;0.067069;-0.258956;0.258976;-25.627944;-0.186676;-0.124359;0.998757;0.009489;0.997606;1.000174;0.998802;98.877195;-0.674316;-0.428970;0.000000
93.000000;0.964853;0.010663;0.931056;0.966581;0.964912;95.528534;0.099764;-0.174586;-0.260512;0.010754;0.067982;-0.259980;0.260734;-25.792735;0.033235;-0.279600;0.999770;0.011126;0.999664;1.002264;0.999832;98.985430;0.128905;-0.240111;0.000000
94.000000;0.964627;0.010929;0.930625;0.965039;0.964689;95.493059;0.167889;-0.039855;-0.259253;0.011354;0.067341;-0.258444;0.259501;-25.665814;0.722326;-0.298088;0.999247;0.011404;0.998625;1.000086;0.999312;98.920676;0.197990;-0.158566;0.000000
95.000000;0.963311;0.010400;0.928076;0.964010;0.963367;95.363498;0.217033;-0.387238;-0.259140;0.010707;0.067268;-0.257932;0.259361;-25.643292;0.626933;-0.183616;0.997901;0.010571;0.995919;0.999357;0.997957;98.784850;0.269014;-0.543607;0.000000
96.000000;0.961234;0.011326;0.924099;0.961954;0.961301;95.172230;-0.280089;-0.067813;-0.261382;0.008989;0.068401;-0.261003;0.261536;-25.873074;-0.335548;-0.180704;0.996507;0.011132;0.993151;0.997925;0.996570;98.663179;-0.342342;-0.196916;0.000000
97.000000;0.962437;0.011531;0.926418;0.963496;0.962506;95.278659;-0.100398;-0.291980;-0.259836;0.009875;0.067612;-0.261003;0.260024;-25.717496;0.232728;0.263577;0.997286;0.011773;0.994718;0.999909;0.997356;98.727009;0.387439;-0.543651;0.000000
98.000000;0.963568;0.010924;0.928583;0.965039;0.963630;95.404116;0.560601;-0.681713;-0.257943;0.010833;0.066652;-0.256909;0.258170;-25.531217;0.415415;-0.285874;0.997888;0.011471;0.995912;1.000110;0.997954;98.800307;0.843860;-0.778901;0.000000
99.000000;0.963219;0.011276;0.927917;0.962982;0.963285;95.357325;-0.258766;-0.313953;-0.259191;0.010734;0.067295;-0.258956;0.259414;-25.653021;0.353654;-0.383889;0.997869;0.011589;0.995876;0.998672;0.997936;98.785929;-0.164420;-0.381820;0.000000
100.000000;0.962067;0.012985;0.925741;0.962982;0.962154;95.246783;-0.220098;-0.223306;-0.259846;0.010725;0.067635;-0.258956;0.260068;-25.721599;0.394027;-0.388947;0.996930;0.013190;0.994043;0.998588;0.997017;98.697195;0.096309;-0.306679;0.000000
101.000000;0.963177;0.012088;0.927857;0.962982;0.963253;95.355779;0.189671;-0.295197;-0.259202;0.010587;0.067298;-0.258956;0.259418;-25.660183;0.804673;-0.137676;0.997852;0.012179;0.995857;0.997977;0.997927;98.788668;0.312657;-0.274701;0.000000
102.000000;0.966118;0.009547;0.933476;0.966067;0.966165;95.651925;-0.435712;-0.064361;-0.257799;0.009796;0.066556;-0.258956;0.257985;-25.520980;0.293125;0.228396;1.000333;0.009993;1.000765;1.000703;1.000383;99.038672;-0.554536;-0.146589;0.000000
103.000000;0.965470;0.010168;0.932237;0.966067;0.965524;95.585602;0.075372;-0.439726;-0.257103;0.010323;0.066209;-0.256909;0.257311;-25.454968;0.485705;-0.100707;0.999508;0.010605;0.999130;1.000596;0.999565;98.955315;0.405558;-0.459131;0.000000
104.000000;0.963733;0.010083;0.928882;0.964010;0.963785;95.412333;-0.165360;-0.335720;-0.259079;0.011659;0.067258;-0.261003;0.259341;-25.645347;0.133703;0.262446;0.998336;0.010292;0.996781;0.999071;0.998389;98.836899;0.583931;-0.374271;0.000000
105.000000;0.963733;0.009525;0.928871;0.964010;0.963780;95.406167;-0.368919;-0.065002;-0.259232;0.010988;0.067322;-0.261003;0.259465;-25.666322;-0.232428;0.316280;0.998334;0.009775;0.996767;0.999713;0.998382;98.832640;-0.086011;-0.090843;0.000000
106.000000;0.963568;0.010090;0.928565;0.965039;0.963621;95.382522;0.370332;-0.347431;-0.259417;0.010489;0.067407;-0.261003;0.259628;-25.681162;-0.433988;0.065276;0.998193;0.010530;0.996499;0.999866;0.998248;98.810387;0.338997;-0.337096;0.000000
107.000000;0.964000;0.010495;0.929406;0.965039;0.964057;95.439589;0.559950;-0.180490;-0.259652;0.012171;0.067567;-0.261003;0.259937;-25.697029;0.044001;0.308174;0.998708;0.011179;0.997542;0.999825;0.998770;98.873368;0.626755;-0.227486;0.000000
108.000000;0.963393;0.010442;0.928236;0.962982;0.963450;95.370690;-0.151544;0.340976;-0.257973;0.013185;0.066724;-0.258444;0.258310;-25.528654;-0.095508;0.366103;0.997681;0.011371;0.995497;0.997358;0.997746;98.762739;0.130577;0.155873;0.000000
109.000000;0.963404;0.011162;0.928271;0.964525;0.963468;95.380976;-0.270463;-0.046533;-0.259437;0.012373;0.067461;-0.259980;0.259732;-25.681164;0.021185;0.313552;0.998130;0.012006;0.996407;0.998220;0.998202;98.818094;-0.165371;-0.128078;0.000000
110.000000;0.964823;0.011278;0.931010;0.965039;0.964889;95.513114;-0.229576;-0.156201;-0.261423;0.011402;0.068472;-0.262027;0.261671;-25.872566;-0.569418;-0.084860;1.000027;0.011702;1.000192;0.999428;1.000096;98.996542;-0.080514;-0.249592;0.000000
111.000000;0.965059;0.011454;0.931470;0.964010;0.965127;95.530595;-0.477394;0.143907;-0.262231;0.011212;0.068891;-0.262539;0.262471;-25.965709;-0.648348;-0.036374;1.000420;0.011021;1.000961;0.998135;1.000480;99.033009;-0.439771;0.136562;0.000000
112.000000;0.964751;0.010617;0.930857;0.964525;0.964809;95.499230;-0.155720;0.125491;-0.261136;0.010049;0.068293;-0.261003;0.261329;-25.850052;0.285590;-0.390173;0.999859;0.010370;0.999826;0.999174;0.999913;98.974777;-0.200705;0.142685;0.000000
113.000000;0.965676;0.010697;0.932645;0.966581;0.965735;95.598971;-0.039253;-0.129822;-0.259990;0.010054;0.067696;-0.259980;0.260184;-25.734907;0.625386;-0.314669;1.000440;0.011328;1.001008;1.000703;1.000504;99.039733;-0.217287;-0.143640;0.000000
114.000000;0.965995;0.010689;0.933260;0.967609;0.966054;95.620563;-0.033444;-0.259205;-0.260297;0.011780;0.067893;-0.259980;0.260563;-25.775339;0.268699;0.037454;1.000803;0.011459;1.001737;1.001895;1.000868;99.068565;-0.192123;-0.161710;0.000000
115.000000;0.965090;0.010478;0.931508;0.966067;0.965147;95.542414;0.166764;-0.149593;-0.258813;0.010955;0.067104;-0.257932;0.259044;-25.621290;0.748651;-0.031841;0.999535;0.011181;0.999195;0.999209;0.999597;98.952305;0.560620;-0.037702;0.000000
116.000000;0.963763;0.010834;0.928957;0.963496;0.963824;95.399997;0.000287;0.035306;-0.258608;0.010533;0.066989;-0.257932;0.258822;-25.615149;0.150053;0.287786;0.998189;0.011278;0.996508;0.997722;0.998253;98.811881;0.261005;0.018383;0.000000
117.000000;0.963424;0.009739;0.928281;0.962982;0.963473;95.362467;-0.295359;0.128051;-0.260297;0.012511;0.067911;-0.261003;0.260597;-25.765096;-0.350199;0.136968;0.998335;0.009631;0.996765;0.998379;0.998381;98.818094;-0.490019;-0.078873;0.000000
118.000000;0.964915;0.010137;0.931164;0.965039;0.964968;95.525966;0.172946;-0.264524;-0.260962;0.013157;0.068274;-0.261515;0.261294;-25.841345;0.282138;0.053320;0.999981;0.010759;1.000078;1.000284;1.000039;98.999371;0.474276;-0.370546;0.000000
119.000000;0.964956;0.009487;0.931231;0.966581;0.965003;95.537273;0.525603;-0.408085;-0.259468;0.012280;0.067474;-0.258956;0.259758;-25.680142;0.744886;-0.114646;0.999627;0.010634;0.999367;1.001050;0.999683;98.967479;0.477963;-0.314232;0.000000
120.000000;0.964123;0.009818;0.929630;0.965553;0.964173;95.445239;0.799309;-0.620039;-0.258813;0.011210;0.067110;-0.258956;0.259055;-25.629480;0.052465;-0.114575;0.998601;0.010396;0.997311;1.000085;0.998655;98.860502;0.304136;-0.533198;0.000000
121.000000;0.964370;0.011945;0.930153;0.965039;0.964444;95.490489;1.025324;-0.427762;-0.260542;0.010854;0.068000;-0.261003;0.260768;-25.791708;0.134240;-0.016999;0.999301;0.012394;0.998756;0.999870;0.999378;98.947518;1.132534;-0.499204;0.000000
122.000000;0.965666;0.011251;0.932637;0.966581;0.965731;95.599997;1.101482;-0.290313;-0.261556;0.011292;0.068539;-0.261003;0.261799;-25.893041;-0.044312;-0.099859;1.000859;0.011376;1.001848;1.001252;1.000924;99.083732;1.705627;-0.419138;0.000000
123.000000;0.963434;0.009975;0.928305;0.964010;0.963486;95.384573;-0.524163;-0.050908;-0.260686;0.010916;0.068076;-0.261003;0.260914;-25.812181;-0.048252;-0.025273;0.998469;0.009794;0.997037;0.998983;0.998517;98.853991;-0.673892;0.059566;0.000000
124.000000;0.961913;0.010624;0.925389;0.961440;0.961971;95.229304;0.466362;0.186988;-0.260716;0.010792;0.068090;-0.261515;0.260940;-25.824463;-0.399558;-0.182366;0.997006;0.010545;0.994133;0.995934;0.997062;98.707177;0.546961;0.300533;0.000000
125.000000;0.962612;0.011229;0.926748;0.963496;0.962677;95.291001;0.603690;0.333033;-0.261085;0.011859;0.068306;-0.261003;0.261354;-25.843398;-0.634636;-0.112555;0.997781;0.011485;0.995699;0.997208;0.997847;98.772095;0.432238;0.267951;0.000000
126.000000;0.963219;0.010001;0.927890;0.964010;0.963271;95.360933;0.077421;0.234743;-0.260491;0.010902;0.067975;-0.259980;0.260719;-25.793243;-0.630470;-0.072234;0.998187;0.010190;0.996481;0.997621;0.998239;98.823840;0.109440;0.218144;0.000000
127.000000;0.962725;0.010106;0.926942;0.962982;0.962778;95.312086;-0.363975;0.035674;-0.259887;0.011294;0.067669;-0.259980;0.260133;-25.737974;-0.055932;-0.267333;0.997543;0.010679;0.995207;0.998270;0.997600;98.761456;-0.279636;-0.037617;0.000000
128.000000;0.961481;0.010967;0.924565;0.961440;0.961543;95.198458;-0.207531;0.137551;-0.259110;0.011471;0.067269;-0.259468;0.259363;-25.656603;0.206556;-0.219865;0.996129;0.011316;0.992402;0.995694;0.996194;98.629352;-0.370833;0.091474;0.000000
129.000000;0.962982;0.010838;0.927452;0.963496;0.963043;95.327507;-0.275256;-0.181726;-0.259519;0.009453;0.067439;-0.258956;0.259691;-25.690381;0.306885;-0.081662;0.997684;0.010688;0.995487;0.997179;0.997741;98.762794;-0.417304;-0.137157;0.000000
130.000000;0.962961;0.010669;0.927409;0.963496;0.963021;95.326993;-0.303780;-0.289661;-0.259703;0.011199;0.067571;-0.259468;0.259945;-25.713408;0.305710;0.067800;0.997751;0.011242;0.995634;0.998127;0.997815;98.772323;-0.299269;-0.319145;0.000000
131.000000;0.963887;0.011371;0.929207;0.965039;0.963954;95.420564;-0.495139;-0.375708;-0.259949;0.011590;0.067708;-0.261003;0.260207;-25.738482;0.004104;0.218437;0.998670;0.011789;0.997480;1.000504;0.998739;98.864943;-0.344479;-0.334153;0.000000
132.000000;0.965059;0.010297;0.931445;0.966581;0.965114;95.529559;-0.364320;-0.334056;-0.260676;0.009659;0.068045;-0.259980;0.260854;-25.796825;-0.368005;-0.091150;0.999952;0.010135;1.000006;1.001001;1.000003;98.981667;-0.146406;-0.121032;0.000000
133.000000;0.962725;0.010065;0.926941;0.963496;0.962778;95.315679;0.245627;-0.487085;-0.260890;0.010027;0.068164;-0.259980;0.261083;-25.829577;-0.146006;-0.377059;0.997785;0.009935;0.995675;0.999259;0.997835;98.786759;0.237024;-0.286154;0.000000
134.000000;0.962406;0.011431;0.926356;0.962982;0.962474;95.289976;-0.387254;-0.354041;-0.260000;0.010602;0.067712;-0.258956;0.260216;-25.740019;-0.136173;-0.396939;0.997250;0.011121;0.994632;0.997817;0.997312;98.739294;-0.140434;-0.224750;0.000000
135.000000;0.964165;0.011241;0.929740;0.966067;0.964230;95.460668;-0.680906;-0.087672;-0.260297;0.010725;0.067869;-0.258956;0.260518;-25.769194;-0.388697;-0.211523;0.999036;0.011421;0.998204;0.999468;0.999102;98.912193;-0.464288;0.020704;0.000000
136.000000;0.963188;0.010599;0.927843;0.965039;0.963246;95.367612;-0.546645;-0.087238;-0.260716;0.010787;0.068089;-0.261515;0.260940;-25.820882;-0.428734;0.102537;0.998227;0.010807;0.996573;0.999109;0.998285;98.838769;-0.593918;-0.013903;0.000000
137.000000;0.962591;0.010767;0.926698;0.965039;0.962651;95.292546;-0.578418;-0.240960;-0.261392;0.011274;0.068453;-0.261003;0.261635;-25.873079;-0.032631;-0.079802;0.997787;0.010849;0.995697;0.999235;0.997846;98.775865;-0.485633;-0.190095;0.000000
138.000000;0.962077;0.011318;0.925720;0.962982;0.962144;95.245758;-0.348640;-0.056195;-0.261709;0.011538;0.068625;-0.260491;0.261964;-25.903274;-0.098125;-0.086850;0.997398;0.011675;0.994939;0.998494;0.997466;98.740923;0.063504;-0.094645;0.000000
139.000000;0.961131;0.012196;0.923922;0.960925;0.961208;95.147043;1.069969;0.019892;-0.260123;0.010870;0.067782;-0.258956;0.260350;-25.749746;-0.309789;-0.122476;0.996086;0.012288;0.992338;0.996217;0.996162;98.607270;1.143134;-0.034018;0.000000
140.000000;0.962447;0.010980;0.926425;0.961954;0.962510;95.287404;2.065650;-0.130912;-0.261146;0.011813;0.068337;-0.259980;0.261413;-25.855166;-0.321018;-0.287412;0.997596;0.011371;0.995328;0.997501;0.997661;98.767639;1.487852;-0.121471;0.000000
141.000000;0.962889;0.010645;0.927269;0.962982;0.962948;95.322367;1.383982;0.221652;-0.261648;0.012110;0.068606;-0.261003;0.261928;-25.898666;-0.495922;-0.164187;0.998207;0.011236;0.996543;0.998054;0.998270;98.817734;1.876249;0.280930;0.000000
142.000000;0.963784;0.012058;0.929025;0.964010;0.963860;95.418513;1.086279;0.448724;-0.260409;0.010766;0.067929;-0.260491;0.260632;-25.782497;-0.404025;-0.110481;0.998742;0.012606;0.997644;0.998686;0.998821;98.879672;1.174124;0.445110;0.000000
143.000000;0.963774;0.011481;0.928992;0.964010;0.963842;95.429310;0.576156;0.463453;-0.259990;0.010678;0.067709;-0.261003;0.260209;-25.753327;0.113890;-0.281280;0.998605;0.012148;0.997359;0.998084;0.998679;98.880588;0.090158;0.464533;0.000000
144.000000;0.964103;0.012106;0.929641;0.965039;0.964179;95.431362;-0.556674;0.014030;-0.260041;0.010946;0.067741;-0.259980;0.260271;-25.739505;-0.154669;-0.131062;0.998946;0.012254;0.998043;0.998084;0.999021;98.880204;-0.672180;0.123498;0.000000
145.000000;0.966591;0.010912;0.934418;0.967095;0.966653;95.700768;-0.411636;-0.152763;-0.260645;0.009888;0.068033;-0.261003;0.260832;-25.803987;-0.318584;0.086763;1.001477;0.011118;1.003079;1.002435;1.001538;99.154297;-0.595205;-0.086837;0.000000
146.000000;0.964740;0.010150;0.930827;0.964525;0.964794;95.517222;0.193084;-0.129819;-0.260276;0.009540;0.067835;-0.259980;0.260451;-25.771236;0.101649;-0.241000;0.999586;0.010673;0.999286;0.998630;0.999643;98.967608;-0.019849;-0.110256;0.000000
147.000000;0.963249;0.010885;0.927968;0.965039;0.963311;95.354243;0.283940;-0.076921;-0.259632;0.011115;0.067532;-0.257932;0.259869;-25.704705;1.604253;-0.894617;0.997997;0.010961;0.996117;0.998630;0.998057;98.794910;0.342490;-0.055286;0.000000
148.000000;0.963599;0.011135;0.928647;0.965039;0.963663;95.392290;0.148481;-0.088359;-0.260399;0.010735;0.067923;-0.260491;0.260620;-25.778910;1.640398;-0.852407;0.998515;0.011175;0.997157;0.999405;0.998577;98.848837;0.374315;-0.165349;0.000000
149.000000;0.962961;0.010725;0.927410;0.962982;0.963021;95.322878;-0.038503;-0.186616;-0.261750;0.010259;0.068618;-0.262027;0.261951;-25.905317;0.043977;-0.012636;0.998212;0.011017;0.996549;0.998410;0.998273;98.810805;-0.176121;-0.272544;0.000000
150.000000;0.965789;0.011324;0.932877;0.965039;0.965856;95.626735;0.000236;-0.112518;-0.260092;0.011715;0.067785;-0.261003;0.260356;-25.746672;-0.157746;0.206411;1.000499;0.011181;1.001124;1.000764;1.000562;99.061859;-0.383210;-0.086418;0.000000
151.000000;0.965635;0.011809;0.932590;0.965039;0.965707;95.600004;-0.051872;-0.244741;-0.261177;0.011677;0.068350;-0.263050;0.261438;-25.858753;0.014308;0.166785;1.000675;0.011577;1.001485;1.001066;1.000742;99.069670;-0.174930;-0.187998;0.000000
152.000000;0.962776;0.010661;0.927052;0.964525;0.962835;95.304885;-0.219025;-0.176895;-0.263153;0.010309;0.069356;-0.263050;0.263354;-26.059879;-0.189452;-0.172543;0.998449;0.010973;0.997020;0.999378;0.998509;98.839005;-0.163982;-0.076558;0.000000
153.000000;0.962807;0.011078;0.927120;0.961954;0.962871;95.321337;-0.021555;0.070044;-0.260839;0.010395;0.068145;-0.260491;0.261046;-25.826510;-0.569037;-0.081131;0.997856;0.011003;0.995839;0.998131;0.997917;98.792089;-0.202736;0.183737;0.000000
154.000000;0.964473;0.012054;0.930354;0.964010;0.964548;95.475583;0.014666;0.101103;-0.261515;0.010879;0.068508;-0.262027;0.261741;-25.903278;-0.343524;0.162707;0.999638;0.012010;0.999420;0.999135;0.999710;98.960711;0.016767;0.216114;0.000000
155.000000;0.963404;0.011349;0.928275;0.964525;0.963470;95.378410;0.195462;0.025981;-0.260583;0.010987;0.068024;-0.259980;0.260815;-25.808086;-0.297968;-0.035233;0.998346;0.012016;0.996839;0.999663;0.998418;98.840516;0.398172;-0.019317;0.000000
156.000000;0.962396;0.010221;0.926310;0.964525;0.962450;95.269411;-0.014530;-0.299435;-0.258628;0.011414;0.067019;-0.257932;0.258880;-25.610537;-0.078621;-0.407623;0.996847;0.010951;0.993824;0.998660;0.996907;98.682017;0.310722;-0.311434;0.000000
157.000000;0.962962;0.010238;0.927400;0.965039;0.963016;95.347050;-0.338909;0.030803;-0.260420;0.011482;0.067950;-0.259980;0.260673;-25.783522;-0.171313;-0.191632;0.997898;0.010234;0.995905;0.998698;0.997950;98.806066;0.108894;0.014933;0.000000
158.000000;0.961172;0.011520;0.923985;0.961440;0.961241;95.156818;-0.524837;-0.006209;-0.260686;0.010093;0.068059;-0.261515;0.260881;-25.810137;-0.254777;0.118507;0.996257;0.011131;0.992652;0.996695;0.996319;98.630694;-0.697946;-0.055093;0.000000
159.000000;0.960545;0.011296;0.922774;0.959897;0.960611;95.095115;-0.575950;0.048622;-0.261064;0.010286;0.068260;-0.262539;0.261267;-25.833674;-0.169742;0.500640;0.995761;0.011399;0.991670;0.995999;0.995826;98.578192;-0.741267;-0.131488;0.000000
160.000000;0.961635;0.009850;0.924839;0.960925;0.961685;95.202568;-0.602049;0.110981;-0.264156;0.010852;0.069896;-0.265097;0.264378;-26.160185;-0.091010;0.408821;0.997662;0.010022;0.995431;0.997869;0.997713;98.771431;-0.137772;-0.299547;0.000000
161.000000;0.963548;0.010262;0.928529;0.964010;0.963602;95.391774;0.605631;-0.270544;-0.263081;0.011815;0.069351;-0.262539;0.263346;-26.046572;-0.251401;-0.193495;0.999225;0.010650;0.998565;0.999215;0.999282;98.924434;1.339664;-0.492552;0.000000
162.000000;0.963846;0.009624;0.929091;0.963496;0.963894;95.412338;1.051223;-0.181423;-0.261238;0.011159;0.068370;-0.260491;0.261477;-25.865913;0.230634;-0.318259;0.998995;0.010353;0.998098;0.998039;0.999049;98.893405;1.300819;-0.379799;0.000000
163.000000;0.962889;0.008717;0.927232;0.964010;0.962929;95.340360;-0.020880;-0.235292;-0.260931;0.010386;0.068193;-0.259980;0.261138;-25.836744;0.075942;-0.142995;0.997966;0.009495;0.996027;0.998605;0.998011;98.813662;-0.137596;-0.337297;0.000000
164.000000;0.962612;0.009053;0.926704;0.964010;0.962654;95.303860;-0.162271;-0.336751;-0.260338;0.010109;0.067878;-0.259980;0.260534;-25.785568;0.267060;-0.285463;0.997568;0.009763;0.995238;0.998296;0.997616;98.767796;-0.242767;-0.358797;0.000000
